文件名称,类型,扫描时间,SHA256,多引擎检出,木马家族和类型,威胁等级
Dbgview.exe,EXEx86,2025-11-19 18:21:22,1244bd02a203bec1b1e0ab85ed8ed83501ec4d17e613f1934951abeb7956abb0,0 / 28,-,未知
fixtool.exe,EXEx86,2025-11-19 14:36:12,629cdd2350fa418a672f0f6907794ae97fc6ae26fc64f9eeccf0df9576b3eabf,1 / 28,-,未知
is-KEG86.tmp,EXEx86,2025-11-19 11:15:47,228cd209855d76c02cd42dd14e5726b1b55598004864dc034a5943d34310feb8,0 / 28,-,未知
546f7825b23465c0c46fe04328858d5a9920a58853e1fa47fb4a513c0520bad1,EXEx86,2025-11-18 17:44:06,546f7825b23465c0c46fe04328858d5a9920a58853e1fa47fb4a513c0520bad1,15 / 28,Ren木马,恶意
vcredist_x86_2005.exe,EXEx86,2025-11-18 15:09:46,3453e87aa523e54f07337abe75c047b1e827c02b105a92028dc55dede9f97ffb,0 / 28,-,未知
MSVCR100.dll,DLLx86,2025-11-20 12:26:13,8793353461826fbd48f25ea8b835be204b758ce7510db2af631b28850355bd18,0 / 28,-,未知
xmlrpc.php,PHP,2025-11-18 17:29:52,761505bf66d279f9d2379f8e0caa391f5eeb1f432ef26b021a287767ea945072,0 / 28,-,未知
wzcdlg.dll,DLLx86,2025-11-17 04:47:14,3e95b947c8b3383464d33634812aa8cc3b9dddaac184e26016785a8d4adbc0ee,0 / 28,-,未知
wscisvif.dll,DLLx86,2025-11-17 04:43:57,87ca586b2b1b0089bff6a259a0743d184ae383b3b12c4bc5986d72adffbe9eda,0 / 28,-,未知
wscinterop.dll,DLLx86,2025-11-17 04:43:56,474286f3070d37b418fdec34b27b027618b025fa5eea9aa6c8546e0ca8b34133,0 / 28,-,未知
